,Tweets
0,‚ÄúA Pennsylvania Appeals Court turns down the Trump Administrations request for Poll Watchers to monitor satellite election offices.‚Äù @OANN  How terrible is this? We are just seeking a fair vote count. This can only lead to very bad things. Bad intentions much??? Disgraceful!!!
1,"RT @realDonaldTrump: Senator @CindyHydeSmith delivers for Mississippi! She helped us Cut your Taxes, Secure our Border, and Defend the Seco‚Ä¶"
2,RT @realDonaldTrump: Here you go @JoeBiden! https://t.co/UBqPJT85Pt
3,"Texas, Pennsylvania, Ohio, and others, please watch. His party, and Joe, will stop Fracking immediately. Millions of jobs lost as energy prices soar. Vote Trump! https://t.co/YHQyvfetSp"
4,Suburban women are STRONG for President Trump. Watch this @60Minutes clip! https://t.co/DL38a1qUAz
5,"RT @WhiteHouse: While past Presidents have relied mostly on top-down policy tools, President @realDonaldTrump has worked hard on job creati‚Ä¶"
6,In honor of Maine! https://t.co/cR5fdwgSDh
7,"RT @CLewandowski_: In Maine with @realdonaldtrump at an ‚ÄúOff The Record‚Äù stop where he was greeted by over 4,000 people.  Where‚Äôs Sleepy Jo‚Ä¶"
8,"Biden dumped New Hampshire in the Dem Primaries, left early. I had my first big victory there - Do it again! https://t.co/7LzwR4Ot9W"
9,Great people. Vote for Trump! https://t.co/ngDGgKuzOo
10,RT @Mike_Pence: Hello North Carolina! The Tar Heel State needs to get out and VOTE for four more years of President @realDonaldTrump!
11,"Congratulations to Armenian Prime Minister Nikol Pashinyan and Azerbaijani President Ilham Aliyev, who just agreed to adhere to a cease fire effective¬†at midnight. Many lives will be saved. Proud of my team @SecPompeo &amp; Steve Biegun &amp; @WHNSC for getting the deal done!"
12,Thank you Rabbis! https://t.co/Lwo07ggfuc
13,https://t.co/GiekCMY3tY
14,"THANK YOU MAINE! #MAGA
https://t.co/bE4MhH23o9"
15,"RT @WhiteHouse: In Maine, Medicare health plan premiums are down 27% under President @realDonaldTrump! https://t.co/FQWjc9ColJ"
16,RT @TeamTrump: President @realDonaldTrump: We are bringing drug prices way down! https://t.co/hE62JTpZep
17,RT @TeamTrump: President @realDonaldTrump on the Super V recovery! https://t.co/HennM0ZWg0
18,"He didn‚Äôt stick around for the primaries, either. He left WAY early https://t.co/dXBTtMP010"
19,"RT @GOPChairwoman: Joe Biden is saying dark days are ahead.
 
@realDonaldTrump is saying the best is yet to come!
 
https://t.co/c8lJjlZhOd‚Ä¶"
20,RT @CLewandowski_: The people of N.H. turn out to see @realDonaldTrump.  Why hasn‚Äôt @JoeBiden been to the Granite State yet? https://t.co/r‚Ä¶
21,RT @TeamTrump: President @realDonaldTrump: How can Biden make a deal with China when he‚Äôs taken money from them for himself? His son walked‚Ä¶
22,"RT @TeamTrump: President @realDonaldTrump: The media asks Biden questions about ice cream, they don‚Äôt ask me questions like that! https://t‚Ä¶"
23,https://t.co/gsFSgh2KPc https://t.co/KTe3etEKhs
24,RT @TeamTrump: President @realDonaldTrump: In my second term I will pass another historic middle-class TAX CUT! https://t.co/JTqJXd8DT2
25,"RT @WhiteHouse: President @realDonaldTrump's next stop: Maine!

Historic partnerships between private sector, state, and federal government‚Ä¶"
26,RT @TeamTrump: President @realDonaldTrump: We are giving you a great new Supreme Court Justice on Monday! https://t.co/6DeQCEIwff
27,Amazing! https://t.co/jQXxeQlovz
28,"THANK YOU NEW HAMPSHIRE!
https://t.co/XEoCm4v1M5"
29,"Congratulations to @SenRonJohnson for his dogged pursuit, as Chairman of Homeland, of POLITICAL CORRUPTION!"
30,"Have a GREAT ‚ÄúMAGA-GRAS‚Äù Rally today on our wonderful Long Island. Cut Taxes, Stop Crime, VOTE FOR TRUMP. Our City and State are a MESS. What do you have to lose? Thank you!!!"
31,"Pennsylvania Ballot ‚Äúmistakes‚Äù made, in my opinion, on purpose by the Democrat Governor, puts Republicans, in particular @SeanParnellUSA, at great risk. Corrupt politics in Pennsylvania must be investigated immediately. By the way, Philadelphia is out of control. @TheJusticeDept"
32,"So important to VOTE for Republicans in the House. Break away from Pelosi and her high Taxing new Radical Left friends. Protect your 2nd Amendment, Military, Vets, and sooo much more!"
33,".@SeanParnellUSA is a bright star for Pennsylvania. Military, Vets, Low Taxes and your 2nd Amendment will be totally protected. His opponent is a weak and ineffective puppet for Pelosi and her new Radical Left friends. Vote for Sean Parnell!"
34,So true! https://t.co/obRV4tvaNo
35,"RT @RepMattGaetz: We don't build walls because we hate the people on the outside. 

We build walls because we love the people on the inside."
36,"RT @RepMattGaetz: Joe Biden said he couldn‚Äôt get anything done during his last eight years because he had a Republican Congress.

@realDona‚Ä¶"
37,RT @JoeShikhman: Incredible. The one public appearance Joe Biden does this weekend is a speech in Pennsylvania that immediately turns into‚Ä¶
38,RT @GovernorPerry: .@JoeBiden &amp; Barack Obama killed the coal industry and if elected he will come after oil &amp; gas! @realDonaldTrump is a ch‚Ä¶
39,"RT @JackPosobiec: Here is the Burisma email @TuckerCarlson referenced about 'closing down any cases.'

We need to bring the focus back to t‚Ä¶"
40,RT @seanmdav: Murkowski had hoped to preemptively nuke the SCOTUS nomination by playing games early in the process. But once it became clea‚Ä¶
41,"RT @SteveGuest: üëÄüëÄ 

Joe Biden brags about having ‚Äúthe most extensive and inclusive VOTER FRAUD organization in the history of American pol‚Ä¶"
42,"RT @mtaibbi: ""The least curious people in the country right now appear to be the credentialed news media, a situation normally unique to ti‚Ä¶"
43,"RT @SohrabAhmari: It's OK. The Post has weathered the vicissitudes of more than two centuries of American history. We will endure this, too‚Ä¶"
44,"RT @thejtlewis: Joe Biden: ‚ÄúWe have put together the most extensive VOTER FRAUD organization in the history of American politics.‚Äù
 https:/‚Ä¶"
45,"RT @thejtlewis: Yes, I can. I lost my brother in the Sandy Hook shooting and it was President @realDonaldTrump who met with me, heard my st‚Ä¶"
46,"RT @thejtlewis: With the utmost respect, I thank President @realDonaldTrump for his leadership on the Federal School Safety Report, and for‚Ä¶"
47,RT @thejtlewis: Joe Biden is campaigning with a conspiracy theorist who questioned the legitimacy of the Sandy Hook shooting - the shooting‚Ä¶
48,RT @ArthurSchwartz: The metadata on the Biden family‚Äôs pitch materials to the Chinese Communist Party show that the doc was created on Jim‚Ä¶
49,https://t.co/gsFSghkmdM https://t.co/XB1XImsQlG
50,"WISCONSIN! #VOTE #MAGA 
https://t.co/wk0tCalKZ6"
51,"As long as I am President, I will always stand with the HEROES of Law Enforcement! Joe Biden won‚Äôt. https://t.co/DfutxOeRaN"
52,"RT @LeeSmithDC: Joe Biden &amp; surrogates are lying. On 2/2/16, Ukrainian prosecutor seizes property of Burisma owner, so he's clearly under i‚Ä¶"
53,"This is the most important election in the history of our Country. With your vote, we will continue to bring back your jobs, lower drug prices, support our police, protect the #2A, defend our borders, and ensure more products are proudly stamped with the phrase MADE IN THE USA! https://t.co/M0Ba8QR7Nl"
54,https://t.co/uF8BVW4WBV
55,https://t.co/Zwgbeynhy3
56,"THANK YOU WISCONSIN!
https://t.co/nOcUhuuNoF"
57,Law Enforcement is watching and involved. So dishonest! https://t.co/DNtRroA92X
58,RT @HeyTammyBruce: üòê
59,"RT @HeyTammyBruce: Crowd: We love you! We love you!
Trump: Thank you! 
Guy in Crowd: We really do! 
üòÇ‚ù§Ô∏èüá∫üá∏"
60,...And a great show by @JesseBWatters tonight. Watched it on way from Ohio to Wisconsin! https://t.co/6OIpWIBpop
61,"RT @dbongino: Amen to that!
https://t.co/yRr4OagnTO"
62,RT @dbongino: THIS üëáüèªüëáüèª
63,Landed in Wisconsin. BIG CROWD. On my way!
64,"Thank you OHIO! #VOTE
https://t.co/gsFSghkmdM https://t.co/oOzmfm8vCo"
65,What a terrible thing for Biden to say! Rigged Election? https://t.co/jQXxeQCZU9
66,"RT @TeamTrump: TONIGHT: Watch President @realDonaldTrump's Remarks from Waukesha, Wisconsin at 8:00 pm ET!

RSVP: https://t.co/5Fb0UaYEkN‚Ä¶"
67,RT @chefjclark: People ask why the President fights so hard in court for ballot integrity?  Why we have such an extensive Election Day Oper‚Ä¶
68,"RT @DanScavino: President @realDonaldTrump on his way to a massive #MAGAüá∫üá∏ü¶Örally in Circleville, Ohio. Absolutely unbelievable‚ÄîOHIO is TRUM‚Ä¶"
69,https://t.co/ATipOZ0jYG
70,https://t.co/NBfIdXBEhp
71,https://t.co/lw739qEfqr
72,"Great to be in Ohio, leaving now for Wisconsin. See you in a little while! https://t.co/jglAVPFzmR"
73,"THANK YOU OHIO! #VOTE 
https://t.co/5EJjFZVLHZ"
74,Just landed in Ohio. See you in a little while!
75,"Nobody is showing up for Obama‚Äôs hate laced speeches. 47 people! No energy, but still better than Joe!"
76,AMERICA FIRST!
77,MAKE AMERICA GREAT AGAIN!
78,Joe Biden = Biggest Tax Increase In History and The Complete Obliteration Of Your Second Amendment!
79,https://t.co/pEPeLiP7RX
80,"RT @realDonaldTrump: For years, Joe Biden fought to cut your Social Security and Medicare‚Äîa fact which Joe falsely denied last night. This‚Ä¶"
81,Debate Poll Average: 89% Trump. 11% Sleepy Joe Biden!
82,RT @KatrinaPierson: ü§£ü§£ü§£ TRUMP 2020 üá∫üá∏
83,RT @realDonaldTrump: Thank you Megyn!
84,"RT @DonaldJTrumpJr: Yesterday @realDonaldTrump granted Duke Tanner clemency after 16 years in prison

He was sentenced to LIFE in prison fo‚Ä¶"
85,"RT @PressSec: President @realDonaldTrump makes it look easy, but you cannot overstate the historic WINS he has achieved on the world stage!‚Ä¶"
86,"RT @TommyHicksGOP: .@realDonaldTrump is fighting to make sure ALL Americans have the chance to succeed.

Black prison rates are the lowest‚Ä¶"
87,An Apprentice Champion. Check out his very interesting new book! https://t.co/oal3j9jar8
88,RT @piersmorgan: I call him Mr President out of respect for the office he holds.
89,"Quick stop in North Carolina with a wonderful Indian Tribe, and guests. Then off to two BIG Rallies in Ohio and Wisconsin. See you later!!!"
90,Trump Predicts 35% Growth in Q3 -- ‚ÄòWe‚Äòre Coming Back Stronger‚Äò https://t.co/vpHoFoeYG0 via @BreitbartNews Would be biggest ever!
91,Pence: Voters Know Biden and Harris ‚ÄòAre Going to Pack the Court‚Äò https://t.co/GCJ8LSBvWm via @BreitbartNews. With the Radical Left. Can‚Äôt let this happen. VOTE!
92,Presidential Promises Kept: Justice Barrett Will Fairly Apply and Honor the Law for Decades https://t.co/fgBFldfVlc via @BreitbartNews
93,"Trump: Biden Works for Big Tech, Big Media ‚Äî They Keep Scandals Quiet https://t.co/GddS9YvM41 via @BreitbartNews"
94,"#VoteEarlyDay #MAGAüá∫üá∏
https://t.co/gsFSghkmdM"
95,Carney: Joe Biden‚Äòs Energy Plan Would Eviscerate Wisconsin Sand Miners https://t.co/2PtP3Rj0Id via @BreitbartNews
96,https://t.co/OBPF6cbxuc
97,RT @GOPChairwoman: Joe Biden would put 19 million American jobs on the chopping block with his radical energy agenda! https://t.co/s4AyS9aB‚Ä¶
98,"RT @GOPChairwoman: .@realDonaldTrump is the fighter we elected in 2016, and when we reelect him for four more years, the best is yet to com‚Ä¶"
99,"RT @NRSC: üö® New NRSC ad in #MISen

@GaryPeters' radical left policies would hurt Michiganders. If Peters wins, Michigan loses. https://t.co‚Ä¶"
100,"RT @AKnowles93: üö®Help us win BIG in Michiganüö®

‚úÖ sign up for our youth deployment

‚úÖ GOTV for @POTUS &amp; @JohnJamesMI 

‚úÖ save America from s‚Ä¶"
101,https://t.co/Dw4zuqXURT
102,"RT @GOPChairwoman: Entering Oct:                              
‚úÖObama ‚Äò12   149.1M
‚úÖHillary ‚Äò16:¬†¬† 165.0M
‚úÖTrump ‚Äò20:¬†¬† 251.6M
Trump has ra‚Ä¶"
103,RT @GOPChairwoman: Everyone go vote early in person.  https://t.co/Zp6q1CoEhw
104,https://t.co/8m0dNPTtt6
105,"The Fake News is talking about CASES, CASES, CASES. This includes many low risk people. Media is doing everything possible to create fear prior to November 3rd. The Cases are up because TESTING is way up, by far the most, and best, in the world. Mortality rate is DOWN 85% plus!"
106,JUST VOTED. A great honor!
107,"Our Economy is doing great, and is ready to set new records - best ever (Again!). Biden will destroy everything with his massive Tax Increases. Don‚Äôt let it happen!!!"
108,"RT @marklevinshow: Donald Trump the most pro-Jewish president
https://t.co/4lXrPHm8h8"
109,"RT @marklevinshow: Did Joe Biden just say we have a good relationship with Hitler at one point?¬† No we did not, Joe."
110,RT @TomFitton: @realDonaldTrump Stahl's ignorance of the spying on @realDonaldTrump is shocking.
111,RT @marklevinshow: Video of Biden saying he would eliminate fracking
112,RT @marklevinshow: The president nailed Biden over and over again about his 47-year career and failure to accomplish so much of what Biden‚Ä¶
113,"RT @marklevinshow: The corrupt Biden family
https://t.co/Q85tCNl7jL"
114,Carney: Joe Biden‚Äòs Energy Plan Would Eviscerate Wisconsin Sand Miners https://t.co/2PtP3Rj0Id via @BreitbartNews Wisconsin would be badly hurt because Biden would definitely end Fracking. No more Sand Mine usage!
115,"RT @marklevinshow: Another terrific Trump foreign policy accomplishment
https://t.co/587vGWq49G"
116,"If I do not sound like a typical Washington politician, it‚Äôs because I‚Äôm NOT a politician. If I do not always play by the rules of the Washington Establishment, it‚Äôs because I was elected to fight for YOU, harder than anyone ever has before! https://t.co/gsFSgh2KPc https://t.co/kNuIW02Dfc"
117,"...I could not sit by and watch THEM take advantage of YOU anymore. They are coming after me because I am standing in their way, and standing guard for this Country we LOVE!"
118,"...For years, I watched one betrayal after another, as politicians like Joe Biden sold out American Workers at every turn‚Äîshattering the lives of millions of American families while THEIR families raked in millions of dollars..."
119,"Joe Biden is a corrupt politician and he‚Äôs COMPROMISED. China is desperate for Biden to win because if Biden Wins, CHINA WINS ‚Äì and China will OWN AMERICA. This corruption is EXACTLY why I decided to run for President in the first place..."
120,"For years, Joe Biden fought to cut your Social Security and Medicare‚Äîa fact which Joe falsely denied last night. This video (Joe Biden‚Äôs own words) was created by Bernie Sanders earlier this year to expose Joe Biden‚Äôs atrocious record and egregious lies! https://t.co/womMTc70RP"
121,https://t.co/Uh2m7UacbA
122,"Thank you Pensacola, Florida! Together, we are going to Make America Great Again! https://t.co/9V1MRACmMP"
123,"THANK YOU to all of the Great American Patriots in The Villages, Florida! #MAGA https://t.co/CNEVwNroVE"
124,https://t.co/LCQcdlRkhz
125,https://t.co/4V7nu5hh8V
126,https://t.co/CGlqRmhTV4
127,"On the 37th anniversary of the horrendous attack on our United States Marines, Sailors, and Soldiers in Beirut, we honor the 241 heroes who lost their lives that day. We will NEVER forget them. Semper Fi!"
128,https://t.co/S4Hl0i6Qdp
129,"Joe Biden‚Äôs response to the H1N1 Swine Flu, far less lethal than Covid 19, was one of the weakest and worst in the history of fighting epidemics and pandemics. It was pathetic, those involved have said. Joe didn‚Äôt have a clue!"
130,RT @DrMarcSiegel: My new book separates FACT from FICTION in the Covid-19 Epidemic. COVID: The Politics of Fear and the Power of Science is‚Ä¶
131,"Biden said he is going to ‚Äútransition out of (fracking) by 2025‚Äù. I hope Texas, Pennsylvania, Ohio, Oklahoma, North Dakota, and all of the rest were listening last night. High energy prices, massive jobs losses! Vote Trump."
132,"Joe Biden was very disrespectful to President Obama at last night‚Äôs debate when he said that he, Joe, ‚Äúwas Vice President, not President,‚Äù when trying to make excuses for their failed immigration policies. I wonder what ‚ÄúO‚Äù was thinking when he heard that one?"
133,"RT @IvankaTrump: Yesterday @realDonaldTrump granted Duke Tanner clemency after 16 years in prison.

Duke was sentenced to life in prison fo‚Ä¶"
134,"Today is the LAST DAY to register to VOTE in-person, in the Great State of Nebraska! Get¬†everything you need to cast your vote and MAKE AMERICA GREAT AGAIN, below! https://t.co/WwzdPhDkAZ"
135,"HUGE win today for the United States and for peace in the world. Sudan has agreed to a peace and normalization agreement with Israel! With the United Arab Emirates and Bahrain, that‚Äôs THREE Arab¬†countries to have done so in only a matter of weeks. More will follow! https://t.co/UHB8H6oaZc"
136,"RT @TheRightMelissa: Joe Biden just lost Texas, Pennsylvania, Oklahoma, Ohio, Alaska trying to follow AOC + 3‚Äôs plan on energy. #TRUMP2020L‚Ä¶"
137,RT @TheRightMelissa: I guarantee it was the 1st time millions of Americans learned the ‚Äúkids in cages‚Äù was Obama not Trump because the medi‚Ä¶
138,Thank you Megyn! https://t.co/sC71EEWIOd
139,11 DAYS! #MAGA https://t.co/PuqeF1ctDs
140,https://t.co/gsFSghkmdM
141,https://t.co/cC37vJYagA
142,https://t.co/4qwCKQOiOw
143,https://t.co/VlEu8yyovv
144,https://t.co/z5CRqHO8vg
145,https://t.co/TQCQiDrVOB
146,"RT @trish_regan: Absolutely OUTSTANDING job  by the President tonight. He was measured, precise and convincing. 

Biden was typical politic‚Ä¶"
147,RT @kevinomccarthy: .@RealDonaldTrump has the ball and @JoeBIden can‚Äôt run out the clock. A #RedWave is coming ‚Äúbig guy.‚Äù #Debates2020 http‚Ä¶
148,RT @EricTrump: https://t.co/NcrNdOSfIV
149,RT @EricTrump: https://t.co/XtsdJVi90q
150,"RT @HeyTammyBruce: All night, @realDonaldTrump has been sharp, clear, in charge of the issues. This is a man who ran to be POTUS because he‚Ä¶"
151,RT @KellyannePolls: .@realDonaldTrump loves his job &amp; showed it tonight. He was hopeful &amp; optimistic; @joebiden negative &amp; backward-looking‚Ä¶
152,"RT @dbongino: This is not a win for Trump, it‚Äôs a complete annihilation. 
Biden hasn‚Äôt had one good moment and has been crushed on every qu‚Ä¶"
153,"RT @AndrewCMcCarthy: Trump won the night on points. But Trump wins tomorrow big when they roll the tape on fracking, oil, Russian disinform‚Ä¶"
154,"RT @NRA: President @realDonaldTrump won the debate!

""Why didn't you do that four years ago, @JoeBiden... I ran because of you because you‚Ä¶"
155,"RT @seanmdav: Biden's message tonight at the debate was pretty simple: he'll lock down the entire country, raise taxes, and destroy the U.S‚Ä¶"
156,RT @EricTrump: üá∫üá∏üá∫üá∏üá∫üá∏ https://t.co/C6HRtPW4Mz
157,"As per your request, Joe... https://t.co/78mzcfLEsF https://t.co/AalVkSfHFi"
158,RT @marklevinshow: President Trump was outstanding.¬† I couldn't be prouder.¬† Biden was making faces and was very dishonest about some of hi‚Ä¶
159,"RT @RealRLimbaugh: Winning, winning, winning! @realDonaldTrump"
160,"RT @megynkelly: Trump won this debate, handily. Biden wasn‚Äôt a force at all. Trump was substantive, on-point, well-tempered. Definitely hel‚Ä¶"
161,"RT @RandPaul: I don‚Äôt know why @JoeBiden thinks he can continue to lie about this. 

He wants to ban fracking and end all fossil fuels like‚Ä¶"
162,"RT @EliseStefanik: President @realDonaldTrump excels at communicating directly to the American people. 

Joe Biden communicates to the DC B‚Ä¶"
163,RT @BuckSexton: Trump won the debate. This one wasn‚Äôt close.
164,RT @ScottAdamsSays: Solid debate. Trump won.
165,"RT @DanCrenshawTX: President Trump won the debate. 

As for Joe, get ready for a good fact check tomorrow!"
166,"RT @JudiciaryGOP: Hunter Biden‚Äôs emails are NOT Russian disinformation. 

They are real. 

Period."
167,RT @DanScavino: Getting ready to depart Tennessee! #Debates2020 https://t.co/qMNAxiInzo
168,"RT @MarkMeadows: Tonight on stage, you saw a President who has accomplished more in 47 months than the politician on the other side has eve‚Ä¶"
169,Here you go @JoeBiden! https://t.co/UBqPJT85Pt
170,"RT @TeamTrump: LIVE: Presidential Debate #Debates2020

Text VOTE to 88022 https://t.co/UeQOquVxR2"
171,Just signed an order to support the workers of Delphi Corporation and make sure that we protect the pensions of all American workers! Obama-Biden FAILED American workers and FAILED the workers of Delphi. I ALWAYS put American workers FIRST!
172,Suburban women want Safety &amp; Security. Joe Biden cannot give that to anyone! https://t.co/NWSZ5tGz5E
173,"Just left the White House for the Great State of Tennessee! 
https://t.co/s2ScYMTN9l"
174,Wow. Today‚Äôs @nypost story on Joe Biden‚Äôs corruption is a monster. Many witnesses to a crime against our Country. This isn‚Äôt going away. Even the Lamestream Media is starting to say it must be covered!
175,Biden wants to Pack the Court with Radical Left crazies. He doesn‚Äôt even want to make a list to explain who they are. Can‚Äôt let this happen!
176,"Finally! Suburban women are flocking over to us. They realize that I am saving the Suburbs - the American Dream! I terminated the Regulation that would bring projects and crime to Suburbia. Not on my watch! Biden will bring the Regulation back, but bigger and worse."
177,"Obama is campaigning for us. Every time he speaks, people come over to our side. He didn‚Äôt even want to endorse Sleepy Joe. Did so long after primaries were over!"
178,"Look at the bias, hatred and rudeness on behalf of 60 Minutes and CBS. Tonight‚Äôs anchor, Kristen Welker, is far worse! #MAGA 
https://t.co/ETDJzMQg8X"
179,"Really good polling numbers as people realize all that we have done. Rasmussen Approval Rating, just out, 52%. Approval Rating in the Republican Party, 96%. Thank you!"
180,Judiciary Committee approves Judge Barrett. Moves to full Senate for final vote. Big day for America!
181,".@FoxNews Polls are totally FAKE, just like they were in 2016. I am leading in all of the states mentioned, which you will soon see. I thought Fox was getting rid of its pollster. Sadly, it never happened!"
182,....to be around to vote for President Trump.‚Äù Over 300 wins and 2 National Championships. Thank you to Florida State for giving us Bobby Bowden!
183,"The GREAT Bobby Bowden, one of the best coaches EVER in College Football, on his full recovery from Covid-19 ‚Äú....America is the greatest country this side of heaven. I‚Äôve had a chance to get a lot of wins in my life, but I really wanted to win this one because I wanted...."
184,"I will soon be giving a first in television history full, unedited preview of the vicious attempted ‚Äútakeout‚Äù interview of me by Lesley Stahl of @60Minutes. Watch her constant interruptions &amp; anger. Compare my full, flowing and ‚Äúmagnificently brilliant‚Äù answers to their ‚ÄúQ‚Äôs‚Äù. https://t.co/L3szccGamP"
185,Virginia! https://t.co/RNKJNCSkrZ
186,Depression! https://t.co/WhPPdrze4B
187,"Ratcliffe: Iran and Russia Have Obtained Voter Info, Iran Has Tried to ‚ÄòDamage President Trump‚Äò https://t.co/8DVFoD5CTc via @BreitbartNews"
188,"I am not just running against Biden, I am running against the Corrupt Media, the Big Tech Giants, and the Washington Swamp. It is time to send a message to these wealthy liberal hypocrites by delivering Joe Biden a THUNDERING defeat on November 3rd! #MAGA https://t.co/gsFSgh2KPc https://t.co/eRRgjnhyIi"
189,"I did more in 47 months than Biden did in 47 years. A VOTE for Republicans is a VOTE for SAFE communities, great JOBS, and a limitless FUTURE for ALL AMERICANS! https://t.co/gsFSgh2KPc https://t.co/A7GSc2ET9c"
190,"For years you had a President who apologized for America‚Äînow you have a President who is standing up for America, and standing up for YOU. So get your friends, get your family, get your neighbors and co-workers, and GET OUT AND VOTE. Together, we are going to #MAGA! https://t.co/1EscDM2EuN"
191,"If I do not sound like a typical Washington politician, it‚Äôs because I‚Äôm NOT a politician. If I do not always play by the rules of the Washington Establishment, it‚Äôs because I was elected to fight for YOU, harder than anyone ever has before! https://t.co/gsFSghkmdM"
192,"The first thing Washington Democrats will do if Biden is elected is pack the Supreme Court with radical left judges who will eliminate your 2nd Amendment.
https://t.co/hcEZcys5cn"
193,"The Radical Biden-Harris Agenda is projected to slash the typical American‚Äôs income by $6,500 per year. They will raise TAXES by $4 TRILLION DOLLARS ‚Äì triggering a mass exodus of jobs out of America and into foreign countries. 
https://t.co/pUVreuusxz"
194,"THANK YOU NORTH CAROLINA!
https://t.co/O3m7HWVlcq"
195,My great honor! https://t.co/Ppcl3fHKKS
196,"RT @TeamTrump: TONIGHT: Watch President @realDonaldTrump's Remarks from Gastonia, North Carolina at 7:00 pm ET!

RSVP: https://t.co/uLvCC4G‚Ä¶"
197,"Exclusive: Forgotten by Obama-Biden Auto Bailout, Delphi Workers Refuse to Forget What Was Taken from Them (Part One) https://t.co/T8SME62Vb4 via @BreitbartNews Biden was a disaster on this. All talk and no action. Remember and VOTE!"
198,Multiple Pro-Trump Demonstrations Planned in Cincinnati Area https://t.co/jjMeB9Hba0 via @BreitbartNews
199,Pennsylvania Trump Voters Show Passion: ‚ÄòHe‚Äòs a Man that Wants to Do It All for America‚Äò https://t.co/1oYXtzAyhT via @BreitbartNews
